Commit at Sat Feb  8 05:59:08 UTC 2025
Commit at Sat Feb  8 15:08:35 UTC 2025
Commit at Sun Feb  9 15:09:35 UTC 2025
Commit at Mon Feb 10 15:10:38 UTC 2025
Commit at Tue Feb 11 15:11:09 UTC 2025
Commit at Wed Feb 12 15:11:09 UTC 2025
Commit at Thu Feb 13 15:11:00 UTC 2025
Commit at Fri Feb 14 15:10:18 UTC 2025
Commit at Sat Feb 15 15:09:29 UTC 2025
Commit at Sun Feb 16 15:08:39 UTC 2025
Commit at Mon Feb 17 15:10:46 UTC 2025
Commit at Tue Feb 18 15:11:04 UTC 2025
Commit at Wed Feb 19 15:10:47 UTC 2025
Commit at Thu Feb 20 15:10:54 UTC 2025
Commit at Fri Feb 21 15:10:09 UTC 2025
Commit at Sat Feb 22 15:08:32 UTC 2025
Commit at Sun Feb 23 15:08:49 UTC 2025
Commit at Mon Feb 24 15:11:51 UTC 2025
Commit at Tue Feb 25 15:11:19 UTC 2025
Commit at Wed Feb 26 15:11:21 UTC 2025
Commit at Thu Feb 27 15:11:44 UTC 2025
Commit at Fri Feb 28 15:10:38 UTC 2025
Commit at Sat Mar  1 15:09:18 UTC 2025
Commit at Sun Mar  2 15:08:55 UTC 2025
Commit at Mon Mar  3 15:11:18 UTC 2025
Commit at Tue Mar  4 15:11:19 UTC 2025
Commit at Wed Mar  5 15:11:37 UTC 2025
Commit at Thu Mar  6 15:11:08 UTC 2025
Commit at Fri Mar  7 15:10:38 UTC 2025
Commit at Sat Mar  8 15:07:34 UTC 2025
Commit at Sun Mar  9 15:08:09 UTC 2025
Commit at Mon Mar 10 15:12:04 UTC 2025
Commit at Tue Mar 11 15:11:52 UTC 2025
Commit at Wed Mar 12 15:11:42 UTC 2025
Commit at Thu Mar 13 15:12:06 UTC 2025
Commit at Fri Mar 14 15:10:42 UTC 2025
Commit at Sat Mar 15 15:09:08 UTC 2025
Commit at Sun Mar 16 15:09:28 UTC 2025
Commit at Mon Mar 17 15:11:06 UTC 2025
Commit at Tue Mar 18 15:11:47 UTC 2025
Commit at Wed Mar 19 15:11:29 UTC 2025
Commit at Thu Mar 20 15:11:53 UTC 2025
Commit at Fri Mar 21 15:11:07 UTC 2025
Commit at Sat Mar 22 15:09:02 UTC 2025
Commit at Sun Mar 23 15:09:43 UTC 2025
Commit at Mon Mar 24 15:11:42 UTC 2025
Commit at Tue Mar 25 15:11:37 UTC 2025
Commit at Wed Mar 26 15:11:55 UTC 2025
Commit at Thu Mar 27 15:11:37 UTC 2025
Commit at Fri Mar 28 15:11:10 UTC 2025
Commit at Sat Mar 29 15:10:35 UTC 2025
Commit at Sun Mar 30 15:10:03 UTC 2025
Commit at Mon Mar 31 15:11:31 UTC 2025
Commit at Tue Apr  1 15:11:40 UTC 2025
Commit at Wed Apr  2 15:11:29 UTC 2025
Commit at Thu Apr  3 15:10:36 UTC 2025
Commit at Fri Apr  4 15:10:59 UTC 2025
Commit at Sat Apr  5 15:09:16 UTC 2025
Commit at Sun Apr  6 15:09:26 UTC 2025
Commit at Mon Apr  7 15:11:46 UTC 2025
Commit at Tue Apr  8 15:11:51 UTC 2025
Commit at Wed Apr  9 15:13:42 UTC 2025
Commit at Thu Apr 10 15:12:06 UTC 2025
Commit at Fri Apr 11 15:11:37 UTC 2025
Commit at Sat Apr 12 15:09:34 UTC 2025
Commit at Sun Apr 13 15:09:41 UTC 2025
Commit at Mon Apr 14 15:12:04 UTC 2025
Commit at Tue Apr 15 15:11:03 UTC 2025
Commit at Wed Apr 16 15:11:38 UTC 2025
Commit at Thu Apr 17 15:11:24 UTC 2025
Commit at Fri Apr 18 15:11:05 UTC 2025
Commit at Sat Apr 19 15:09:30 UTC 2025
Commit at Sun Apr 20 15:09:27 UTC 2025
Commit at Mon Apr 21 15:11:29 UTC 2025
Commit at Tue Apr 22 15:11:39 UTC 2025
Commit at Wed Apr 23 15:12:20 UTC 2025
Commit at Thu Apr 24 15:11:53 UTC 2025
Commit at Fri Apr 25 15:11:15 UTC 2025
Commit at Sat Apr 26 15:09:24 UTC 2025
Commit at Sun Apr 27 15:10:39 UTC 2025
Commit at Mon Apr 28 15:11:57 UTC 2025
Commit at Tue Apr 29 15:11:48 UTC 2025
Commit at Wed Apr 30 15:11:56 UTC 2025
Commit at Thu May  1 15:10:53 UTC 2025
Commit at Fri May  2 15:11:26 UTC 2025
Commit at Sat May  3 15:09:47 UTC 2025
Commit at Sun May  4 15:09:51 UTC 2025
Commit at Mon May  5 15:12:01 UTC 2025
Commit at Tue May  6 15:14:24 UTC 2025
Commit at Wed May  7 15:12:30 UTC 2025
Commit at Thu May  8 15:11:52 UTC 2025
Commit at Fri May  9 15:11:33 UTC 2025
Commit at Sat May 10 15:10:11 UTC 2025
Commit at Sun May 11 15:09:42 UTC 2025
Commit at Mon May 12 15:12:37 UTC 2025
Commit at Tue May 13 15:11:47 UTC 2025
Commit at Wed May 14 15:12:05 UTC 2025
Commit at Thu May 15 15:11:40 UTC 2025
Commit at Fri May 16 15:10:42 UTC 2025
Commit at Sat May 17 15:10:03 UTC 2025
Commit at Sun May 18 15:09:45 UTC 2025
Commit at Mon May 19 15:12:42 UTC 2025
Commit at Tue May 20 15:12:28 UTC 2025
Commit at Wed May 21 15:12:44 UTC 2025
Commit at Thu May 22 15:12:21 UTC 2025
Commit at Fri May 23 15:11:33 UTC 2025
Commit at Sat May 24 15:09:57 UTC 2025
Commit at Sun May 25 15:09:59 UTC 2025
Commit at Mon May 26 15:11:49 UTC 2025
Commit at Tue May 27 15:12:39 UTC 2025
Commit at Wed May 28 15:11:13 UTC 2025
Commit at Thu May 29 15:11:53 UTC 2025
Commit at Fri May 30 15:11:38 UTC 2025
Commit at Sat May 31 15:09:52 UTC 2025
Commit at Sun Jun  1 15:10:08 UTC 2025
Commit at Mon Jun  2 15:13:06 UTC 2025
Commit at Tue Jun  3 15:13:18 UTC 2025
Commit at Wed Jun  4 15:36:15 UTC 2025
Commit at Thu Jun  5 15:12:19 UTC 2025
Commit at Fri Jun  6 15:10:08 UTC 2025
Commit at Sat Jun  7 15:10:31 UTC 2025
Commit at Sun Jun  8 15:11:09 UTC 2025
Commit at Mon Jun  9 15:12:21 UTC 2025
Commit at Tue Jun 10 15:12:24 UTC 2025
Commit at Wed Jun 11 15:12:33 UTC 2025
Commit at Thu Jun 12 15:12:27 UTC 2025
Commit at Fri Jun 13 15:12:08 UTC 2025
Commit at Sat Jun 14 15:10:20 UTC 2025
Commit at Sun Jun 15 15:10:26 UTC 2025
Commit at Mon Jun 16 15:12:27 UTC 2025
Commit at Tue Jun 17 15:12:29 UTC 2025
Commit at Wed Jun 18 15:12:23 UTC 2025
Commit at Thu Jun 19 15:11:50 UTC 2025
Commit at Fri Jun 20 15:11:40 UTC 2025
Commit at Sat Jun 21 15:10:27 UTC 2025
Commit at Sun Jun 22 15:10:24 UTC 2025
Commit at Mon Jun 23 15:13:00 UTC 2025
Commit at Tue Jun 24 15:12:42 UTC 2025
Commit at Wed Jun 25 15:12:35 UTC 2025
Commit at Thu Jun 26 15:12:25 UTC 2025
Commit at Fri Jun 27 15:11:57 UTC 2025
Commit at Sat Jun 28 15:10:17 UTC 2025
Commit at Sun Jun 29 15:10:32 UTC 2025
Commit at Mon Jun 30 15:12:48 UTC 2025
Commit at Tue Jul  1 15:12:28 UTC 2025
Commit at Wed Jul  2 15:12:29 UTC 2025
Commit at Thu Jul  3 15:12:29 UTC 2025
Commit at Fri Jul  4 15:11:29 UTC 2025
Commit at Sat Jul  5 15:10:22 UTC 2025
Commit at Sun Jul  6 15:10:21 UTC 2025
Commit at Mon Jul  7 15:11:29 UTC 2025
Commit at Tue Jul  8 15:12:33 UTC 2025
Commit at Wed Jul  9 15:12:34 UTC 2025
Commit at Thu Jul 10 15:13:03 UTC 2025
Commit at Fri Jul 11 15:12:31 UTC 2025
Commit at Sat Jul 12 15:10:52 UTC 2025
Commit at Sun Jul 13 15:10:40 UTC 2025
Commit at Mon Jul 14 15:13:16 UTC 2025
Commit at Tue Jul 15 15:11:30 UTC 2025
Commit at Wed Jul 16 15:13:07 UTC 2025
Commit at Thu Jul 17 15:13:25 UTC 2025
Commit at Fri Jul 18 15:12:24 UTC 2025
Commit at Sat Jul 19 15:11:19 UTC 2025
Commit at Sun Jul 20 15:10:54 UTC 2025
Commit at Mon Jul 21 15:13:01 UTC 2025
Commit at Tue Jul 22 15:13:13 UTC 2025
Commit at Wed Jul 23 15:13:45 UTC 2025
Commit at Thu Jul 24 15:12:42 UTC 2025
Commit at Fri Jul 25 15:13:02 UTC 2025
Commit at Sat Jul 26 15:11:20 UTC 2025
Commit at Sun Jul 27 15:11:14 UTC 2025
Commit at Mon Jul 28 15:13:50 UTC 2025
Commit at Tue Jul 29 15:15:07 UTC 2025
Commit at Wed Jul 30 15:13:17 UTC 2025
Commit at Thu Jul 31 15:13:31 UTC 2025
Commit at Fri Aug  1 15:13:17 UTC 2025
Commit at Sat Aug  2 15:11:17 UTC 2025
Commit at Sun Aug  3 15:11:29 UTC 2025
Commit at Mon Aug  4 15:13:44 UTC 2025
Commit at Tue Aug  5 15:15:04 UTC 2025
Commit at Wed Aug  6 15:14:23 UTC 2025
Commit at Thu Aug  7 15:14:27 UTC 2025
Commit at Fri Aug  8 15:12:53 UTC 2025
Commit at Sat Aug  9 15:11:00 UTC 2025
Commit at Sun Aug 10 15:10:56 UTC 2025
Commit at Mon Aug 11 15:13:26 UTC 2025
Commit at Tue Aug 12 15:12:45 UTC 2025
Commit at Wed Aug 13 15:09:57 UTC 2025
Commit at Thu Aug 14 15:12:37 UTC 2025
Commit at Fri Aug 15 15:12:01 UTC 2025
Commit at Sat Aug 16 15:10:20 UTC 2025
Commit at Sun Aug 17 15:10:25 UTC 2025
Commit at Mon Aug 18 15:13:07 UTC 2025
Commit at Tue Aug 19 15:12:34 UTC 2025
Commit at Wed Aug 20 15:12:05 UTC 2025
Commit at Thu Aug 21 15:12:41 UTC 2025
Commit at Fri Aug 22 15:11:26 UTC 2025
Commit at Sat Aug 23 15:09:29 UTC 2025
Commit at Sun Aug 24 15:09:54 UTC 2025
Commit at Mon Aug 25 15:12:09 UTC 2025
Commit at Tue Aug 26 15:11:53 UTC 2025
Commit at Wed Aug 27 15:11:59 UTC 2025
Commit at Thu Aug 28 15:11:43 UTC 2025
Commit at Fri Aug 29 15:09:17 UTC 2025
Commit at Sat Aug 30 15:09:31 UTC 2025
Commit at Sun Aug 31 15:09:36 UTC 2025
Commit at Mon Sep  1 15:11:05 UTC 2025
Commit at Tue Sep  2 15:11:46 UTC 2025
Commit at Wed Sep  3 15:11:20 UTC 2025
Commit at Thu Sep  4 15:11:13 UTC 2025
Commit at Fri Sep  5 15:11:34 UTC 2025
Commit at Sat Sep  6 15:09:14 UTC 2025
Commit at Sun Sep  7 15:09:25 UTC 2025
Commit at Mon Sep  8 15:10:34 UTC 2025
Commit at Tue Sep  9 15:12:34 UTC 2025
Commit at Wed Sep 10 15:11:03 UTC 2025
Commit at Thu Sep 11 15:10:57 UTC 2025
Commit at Fri Sep 12 15:10:27 UTC 2025
Commit at Sat Sep 13 15:08:43 UTC 2025
Commit at Sun Sep 14 15:09:14 UTC 2025
Commit at Mon Sep 15 15:12:37 UTC 2025
Commit at Tue Sep 16 15:11:22 UTC 2025
Commit at Wed Sep 17 15:11:26 UTC 2025
Commit at Thu Sep 18 15:11:04 UTC 2025
Commit at Fri Sep 19 15:11:00 UTC 2025
Commit at Sat Sep 20 15:09:30 UTC 2025
Commit at Sun Sep 21 15:09:27 UTC 2025
Commit at Mon Sep 22 15:12:32 UTC 2025
Commit at Tue Sep 23 15:11:17 UTC 2025
Commit at Wed Sep 24 15:11:14 UTC 2025
Commit at Thu Sep 25 15:11:52 UTC 2025
Commit at Fri Sep 26 15:11:39 UTC 2025
Commit at Sat Sep 27 15:09:24 UTC 2025
Commit at Sun Sep 28 15:09:10 UTC 2025
Commit at Mon Sep 29 15:11:42 UTC 2025
Commit at Tue Sep 30 15:09:47 UTC 2025
Commit at Wed Oct  1 15:10:38 UTC 2025
Commit at Thu Oct  2 15:11:32 UTC 2025
Commit at Fri Oct  3 15:11:05 UTC 2025
Commit at Sat Oct  4 15:09:07 UTC 2025
Commit at Sun Oct  5 15:09:10 UTC 2025
Commit at Mon Oct  6 15:11:25 UTC 2025
Commit at Tue Oct  7 15:12:11 UTC 2025
Commit at Wed Oct  8 15:12:07 UTC 2025
Commit at Thu Oct  9 15:26:51 UTC 2025
Commit at Fri Oct 10 15:11:18 UTC 2025
Commit at Sat Oct 11 15:08:58 UTC 2025
Commit at Sun Oct 12 15:09:20 UTC 2025
Commit at Mon Oct 13 15:11:41 UTC 2025
Commit at Tue Oct 14 15:12:55 UTC 2025
Commit at Wed Oct 15 15:11:26 UTC 2025
Commit at Thu Oct 16 15:12:19 UTC 2025
Commit at Fri Oct 17 15:11:39 UTC 2025
Commit at Sat Oct 18 15:09:26 UTC 2025
Commit at Sun Oct 19 15:09:21 UTC 2025
Commit at Mon Oct 20 15:11:47 UTC 2025
Commit at Tue Oct 21 15:12:39 UTC 2025
Commit at Wed Oct 22 15:10:55 UTC 2025
Commit at Thu Oct 23 15:12:10 UTC 2025
Commit at Fri Oct 24 15:12:05 UTC 2025
Commit at Sat Oct 25 15:09:30 UTC 2025
Commit at Sun Oct 26 15:09:43 UTC 2025
Commit at Mon Oct 27 15:12:25 UTC 2025
Commit at Tue Oct 28 15:12:47 UTC 2025
Commit at Wed Oct 29 15:12:53 UTC 2025
Commit at Thu Oct 30 15:12:43 UTC 2025
Commit at Fri Oct 31 15:10:40 UTC 2025
Commit at Sat Nov  1 15:09:21 UTC 2025
Commit at Sun Nov  2 15:09:36 UTC 2025
Commit at Mon Nov  3 15:12:22 UTC 2025
Commit at Tue Nov  4 15:12:33 UTC 2025
Commit at Wed Nov  5 15:12:36 UTC 2025
Commit at Thu Nov  6 15:12:59 UTC 2025
Commit at Fri Nov  7 15:11:56 UTC 2025
Commit at Sat Nov  8 15:09:40 UTC 2025
Commit at Sun Nov  9 15:09:37 UTC 2025
Commit at Mon Nov 10 15:13:13 UTC 2025
Commit at Tue Nov 11 15:12:17 UTC 2025
Commit at Wed Nov 12 15:13:05 UTC 2025
Commit at Thu Nov 13 15:13:37 UTC 2025
Commit at Fri Nov 14 15:11:44 UTC 2025
Commit at Sat Nov 15 15:10:03 UTC 2025
Commit at Sun Nov 16 15:10:22 UTC 2025
Commit at Mon Nov 17 15:13:49 UTC 2025
Commit at Tue Nov 18 15:13:17 UTC 2025
Commit at Wed Nov 19 15:12:50 UTC 2025
Commit at Thu Nov 20 15:12:14 UTC 2025
Commit at Fri Nov 21 15:11:25 UTC 2025
Commit at Sat Nov 22 15:10:22 UTC 2025
Commit at Sun Nov 23 15:10:20 UTC 2025
Commit at Mon Nov 24 15:13:51 UTC 2025
Commit at Tue Nov 25 15:13:32 UTC 2025
Commit at Wed Nov 26 15:11:07 UTC 2025
Commit at Thu Nov 27 15:12:26 UTC 2025
Commit at Fri Nov 28 15:11:38 UTC 2025
Commit at Sat Nov 29 15:10:36 UTC 2025
Commit at Sun Nov 30 15:10:48 UTC 2025
Commit at Mon Dec  1 15:13:28 UTC 2025
Commit at Tue Dec  2 15:13:51 UTC 2025
Commit at Wed Dec  3 15:14:11 UTC 2025
Commit at Thu Dec  4 15:14:37 UTC 2025
Commit at Fri Dec  5 15:13:21 UTC 2025
Commit at Sat Dec  6 15:10:26 UTC 2025
Commit at Sun Dec  7 15:10:12 UTC 2025
Commit at Mon Dec  8 15:13:43 UTC 2025
Commit at Tue Dec  9 15:14:18 UTC 2025
Commit at Wed Dec 10 15:15:15 UTC 2025
Commit at Thu Dec 11 15:14:46 UTC 2025
Commit at Fri Dec 12 15:13:43 UTC 2025
Commit at Sat Dec 13 15:10:57 UTC 2025
Commit at Sun Dec 14 15:11:09 UTC 2025
Commit at Mon Dec 15 15:16:52 UTC 2025
Commit at Tue Dec 16 15:14:58 UTC 2025
Commit at Wed Dec 17 15:14:02 UTC 2025
Commit at Thu Dec 18 15:14:09 UTC 2025
Commit at Fri Dec 19 15:13:15 UTC 2025
Commit at Sat Dec 20 15:11:03 UTC 2025
Commit at Sun Dec 21 15:10:54 UTC 2025
